"id","Keyword","Length","","CPC","Search","Domain","Words"
"724","use esp8266 without wifi","24","","","esp8266 without","suggestqueries.google.com","4"
"723","esp8266 wifi without password","29","","","esp8266 without","suggestqueries.google.com","4"
"722","flash esp8266 without usb","25","","","esp8266 without","suggestqueries.google.com","4"
"721","esp8266 https without fingerprint","33","","","esp8266 without","suggestqueries.google.com","4"
"720","power esp8266 without usb","25","","","esp8266 without","suggestqueries.google.com","4"
"719","esp8266 homekit without homebridge","34","","","esp8266 without","suggestqueries.google.com","4"
"718","esp8266 button without resistor","31","","","esp8266 without","suggestqueries.google.com","4"
"717","esp8266 clock without rtc","25","","","esp8266 without","suggestqueries.google.com","4"
"716","esp8266 lcd without i2c","23","","","esp8266 without","suggestqueries.google.com","4"
"715","esp8266 without arduino ide","27","","","esp8266 without","suggestqueries.google.com","4"
"714","esp8266 without antenna","23","","","esp8266 without","suggestqueries.google.com","3"
"713","esp8266 without sdk","19","","","esp8266 without","suggestqueries.google.com","3"
"712","esp8266 without router","22","","","esp8266 without","suggestqueries.google.com","3"
"711","esp8266 without arduino","23","","","esp8266 without","suggestqueries.google.com","3"
"710","esp8266 without wifi","20","","","esp8266 without","suggestqueries.google.com","3"
"709","esp8266 for 3d printer","22","","","esp8266 for","suggestqueries.google.com","4"
"708","esp8266 for arduino mega","24","","","esp8266 for","suggestqueries.google.com","4"
"707","esp8266 for raspberry pi","24","","","esp8266 for","suggestqueries.google.com","4"
"706","esp8266 for fritzing","20","","","esp8266 for","suggestqueries.google.com","3"
"705","esp8266 format flash","20","","","esp8266 for","suggestqueries.google.com","3"
"704","esp8266 for dummies","19","","","esp8266 for","suggestqueries.google.com","3"
"703","esp8266 forth","13","","","esp8266 for","suggestqueries.google.com","2"
"702","esp8266 for hacking","19","","","esp8266 for","suggestqueries.google.com","3"
"701","esp8266 for sale","16","","","esp8266 for","suggestqueries.google.com","3"
"700","esp8266 format","14","","","esp8266 for","suggestqueries.google.com","2"
"699","esp8266 for beginners","21","","","esp8266 for","suggestqueries.google.com","3"
"698","esp8266 for proteus","19","","","esp8266 for","suggestqueries.google.com","3"
"697","esp8266 for flipper zero","24","","","esp8266 for","suggestqueries.google.com","4"
"696","esp8266 forum","13","","","esp8266 for","suggestqueries.google.com","2"
"695","esp8266 for arduino","19","","","esp8266 for","suggestqueries.google.com","3"
"694","esp8266 esp-now example","23","","","esp8266 like","suggestqueries.google.com","3"
"693","esp8266 description","19","","","esp8266 like","suggestqueries.google.com","2"
"692","esp32 and esp8266 difference","28","","","esp8266 like","suggestqueries.google.com","4"
"691","esp8266 examples","16","","","esp8266 like","suggestqueries.google.com","2"
"690","esp8266 like bluetooth","22","","","esp8266 like","suggestqueries.google.com","3"
"689","esp8266 zeromq","14","","","esp8266 z","suggestqueries.google.com","2"
"688","esp8266 zigbee bridge","21","","","esp8266 z","suggestqueries.google.com","3"
"687","esp8266 zigbee arduino","22","","","esp8266 z","suggestqueries.google.com","3"
"686","esp8266 zifi","12","","","esp8266 z","suggestqueries.google.com","2"
"685","esp8266 zmpt101b","16","","","esp8266 z","suggestqueries.google.com","2"
"684","esp8266 zero crossing dimmer","28","","","esp8266 z","suggestqueries.google.com","4"
"683","esp8266 zigbee2mqtt","19","","","esp8266 z","suggestqueries.google.com","2"
"682","esp8266 zigbee equivalent","25","","","esp8266 z","suggestqueries.google.com","3"
"681","esp8266 zigbee firmware","23","","","esp8266 z","suggestqueries.google.com","3"
"680","esp8266 zip download","20","","","esp8266 z","suggestqueries.google.com","3"
"679","esp8266 zwave","13","","","esp8266 z","suggestqueries.google.com","2"
"678","esp8266 zephyr","14","","","esp8266 z","suggestqueries.google.com","2"
"677","esp8266 zerotier","16","","","esp8266 z","suggestqueries.google.com","2"
"676","esp8266 zip library","19","","","esp8266 z","suggestqueries.google.com","3"
"675","esp8266 zigbee","14","","","esp8266 z","suggestqueries.google.com","2"
"674","yx5300 esp8266","14","","","esp8266 y","suggestqueries.google.com","2"
"673","youtube esp8266 arduino","23","","","esp8266 y","suggestqueries.google.com","3"
"672","esp8266 yf-s201","15","","","esp8266 y","suggestqueries.google.com","2"
"671","esp8266 y dht11","15","","","esp8266 y","suggestqueries.google.com","3"
"670","esp8266 y alexa","15","","","esp8266 y","suggestqueries.google.com","3"
"669","esp8266 in arduino","18","","","esp8266 y","suggestqueries.google.com","3"
"668","esp8266 y esp32","15","","","esp8266 y","suggestqueries.google.com","3"
"667","esp8266 yeggi","13","","","esp8266 y","suggestqueries.google.com","2"
"666","esp8266 yellow board","20","","","esp8266 y","suggestqueries.google.com","3"
"665","esp8266 yield example","21","","","esp8266 y","suggestqueries.google.com","3"
"664","esp8266 youtube counter","23","","","esp8266 y","suggestqueries.google.com","3"
"663","esp8266 yield vs delay","22","","","esp8266 y","suggestqueries.google.com","4"
"662","esp8266 yaml","12","","","esp8266 y","suggestqueries.google.com","2"
"661","esp8266 youtube","15","","","esp8266 y","suggestqueries.google.com","2"
"660","esp8266 yield","13","","","esp8266 y","suggestqueries.google.com","2"
"659","xbee esp8266","12","","","esp8266 x","suggestqueries.google.com","2"
"658","esp8266 xmpp","12","","","esp8266 x","suggestqueries.google.com","2"
"657","esp8266 x esp32","15","","","esp8266 x","suggestqueries.google.com","3"
"656","esp8266 xtensa-lx106-elf-g++","28","","","esp8266 x","suggestqueries.google.com","2"
"655","twin esp8266","12","","","esp8266 x","suggestqueries.google.com","2"
"654","esp8266 xtensa","14","","","esp8266 x","suggestqueries.google.com","2"
"653","esp8266 xpt2046","15","","","esp8266 x","suggestqueries.google.com","2"
"652","esp8266 xploit host","19","","","esp8266 x","suggestqueries.google.com","3"
"651","esp8266 xiaomi","14","","","esp8266 x","suggestqueries.google.com","2"
"650","esp8266 xmlhttprequest","22","","","esp8266 x","suggestqueries.google.com","2"
"649","esp8266 xml parser","18","","","esp8266 x","suggestqueries.google.com","3"
"648","esp8266 xbox controller","23","","","esp8266 x","suggestqueries.google.com","3"
"647","esp8266 xlights","15","","","esp8266 x","suggestqueries.google.com","2"
"646","esp8266 xampp","13","","","esp8266 x","suggestqueries.google.com","2"
"645","esp8266 xtaskcreate","19","","","esp8266 x","suggestqueries.google.com","2"
"644","yx5300 esp8266","14","","","esp8266 y","suggestqueries.google.com","2"
"643","youtube esp8266 arduino","23","","","esp8266 y","suggestqueries.google.com","3"
"642","esp8266 yf-s201","15","","","esp8266 y","suggestqueries.google.com","2"
"641","esp8266 y dht11","15","","","esp8266 y","suggestqueries.google.com","3"
"640","esp8266 y alexa","15","","","esp8266 y","suggestqueries.google.com","3"
"639","esp8266 in arduino","18","","","esp8266 y","suggestqueries.google.com","3"
"638","esp8266 y esp32","15","","","esp8266 y","suggestqueries.google.com","3"
"637","esp8266 yeggi","13","","","esp8266 y","suggestqueries.google.com","2"
"636","esp8266 yellow board","20","","","esp8266 y","suggestqueries.google.com","3"
"635","esp8266 yield example","21","","","esp8266 y","suggestqueries.google.com","3"
"634","esp8266 youtube counter","23","","","esp8266 y","suggestqueries.google.com","3"
"633","esp8266 yield vs delay","22","","","esp8266 y","suggestqueries.google.com","4"
"632","esp8266 yaml","12","","","esp8266 y","suggestqueries.google.com","2"
"631","esp8266 youtube","15","","","esp8266 y","suggestqueries.google.com","2"
"630","esp8266 yield","13","","","esp8266 y","suggestqueries.google.com","2"
"629","esp8266 vs esp8285","18","","","esp8266 v","suggestqueries.google.com","3"
"628","esp8266 voltage regulator","25","","","esp8266 v","suggestqueries.google.com","3"
"627","esp8266 vs arduino nano","23","","","esp8266 v","suggestqueries.google.com","4"
"626","esp8266 voltage sensor","22","","","esp8266 v","suggestqueries.google.com","3"
"625","esp8266 versions","16","","","esp8266 v","suggestqueries.google.com","2"
"624","esp8266 v2","10","","","esp8266 v","suggestqueries.google.com","2"
"623","esp8266 vs nodemcu","18","","","esp8266 v","suggestqueries.google.com","3"
"622","esp8266 voltage range","21","","","esp8266 v","suggestqueries.google.com","3"
"621","esp8266 vs esp32 power consumption","34","","","esp8266 v","suggestqueries.google.com","5"
"620","esp8266 v3","10","","","esp8266 v","suggestqueries.google.com","2"
"619","esp8266 vin voltage","19","","","esp8266 v","suggestqueries.google.com","3"
"618","esp8266 vs arduino","18","","","esp8266 v","suggestqueries.google.com","3"
"617","esp8266 vin","11","","","esp8266 v","suggestqueries.google.com","2"
"616","esp8266 voltage","15","","","esp8266 v","suggestqueries.google.com","2"
"615","esp8266 vs esp32","16","","","esp8266 v","suggestqueries.google.com","3"
"614","esp8266 uart communication","26","","","esp8266 u","suggestqueries.google.com","3"
"613","esp8266 url link","16","","","esp8266 u","suggestqueries.google.com","3"
"612","esp8266 usb hid","15","","","esp8266 u","suggestqueries.google.com","3"
"611","esp8266 uart example","20","","","esp8266 u","suggestqueries.google.com","3"
"610","esp8266 udp","11","","","esp8266 u","suggestqueries.google.com","2"
"609","esp8266 url json","16","","","esp8266 u","suggestqueries.google.com","3"
"608","esp8266 url arduino ide","23","","","esp8266 u","suggestqueries.google.com","4"
"607","esp8266 uart pins","17","","","esp8266 u","suggestqueries.google.com","3"
"606","esp8266 usb driver","18","","","esp8266 u","suggestqueries.google.com","3"
"605","esp8266 usable pins","19","","","esp8266 u","suggestqueries.google.com","3"
"604","esp8266 ultrasonic sensor","25","","","esp8266 u","suggestqueries.google.com","3"
"603","esp8266 uses","12","","","esp8266 u","suggestqueries.google.com","2"
"602","esp8266 usb","11","","","esp8266 u","suggestqueries.google.com","2"
"601","esp8266 uart","12","","","esp8266 u","suggestqueries.google.com","2"
"600","esp8266 url","11","","","esp8266 u","suggestqueries.google.com","2"
"599","esp8266 touch sensor","20","","","esp8266 t","suggestqueries.google.com","3"
"598","esp8266 temperature humidity sensor","35","","","esp8266 t","suggestqueries.google.com","4"
"597","esp8266 transmitter and receiver","32","","","esp8266 t","suggestqueries.google.com","4"
"596","esp8266 telegram","16","","","esp8266 t","suggestqueries.google.com","2"
"595","esp8266 to arduino uno","22","","","esp8266 t","suggestqueries.google.com","4"
"594","esp8266 types","13","","","esp8266 t","suggestqueries.google.com","2"
"593","esp8266 total pins","18","","","esp8266 t","suggestqueries.google.com","3"
"592","esp8266 thingspeak","18","","","esp8266 t","suggestqueries.google.com","2"
"591","esp8266 tuya","12","","","esp8266 t","suggestqueries.google.com","2"
"590","esp8266 timer interrupt","23","","","esp8266 t","suggestqueries.google.com","3"
"589","esp8266 tasmota","15","","","esp8266 t","suggestqueries.google.com","2"
"588","esp8266 tinkercad","17","","","esp8266 t","suggestqueries.google.com","2"
"587","esp8266 timer","13","","","esp8266 t","suggestqueries.google.com","2"
"586","esp8266 tutorial","16","","","esp8266 t","suggestqueries.google.com","2"
"585","esp8266 temperature sensor","26","","","esp8266 t","suggestqueries.google.com","3"
"584","esp8266 sleep modes","19","","","esp8266 s","suggestqueries.google.com","3"
"583","esp8266 spiffs","14","","","esp8266 s","suggestqueries.google.com","2"
"582","esp8266 sd card","15","","","esp8266 s","suggestqueries.google.com","3"
"581","esp8266 sdk","11","","","esp8266 s","suggestqueries.google.com","2"
"580","esp8266 servo","13","","","esp8266 s","suggestqueries.google.com","2"
"579","esp8266 spi","11","","","esp8266 s","suggestqueries.google.com","2"
"578","esp8266 schematic","17","","","esp8266 s","suggestqueries.google.com","2"
"577","esp8266 schematic diagram","25","","","esp8266 s","suggestqueries.google.com","3"
"576","esp8266 server","14","","","esp8266 s","suggestqueries.google.com","2"
"575","esp8266 setup","13","","","esp8266 s","suggestqueries.google.com","2"
"574","esp8266 specifications","22","","","esp8266 s","suggestqueries.google.com","2"
"573","esp8266 secure boot","19","","","esp8266 s","suggestqueries.google.com","3"
"572","esp8266 specs","13","","","esp8266 s","suggestqueries.google.com","2"
"571","esp8266 smartconfig","19","","","esp8266 s","suggestqueries.google.com","2"
"570","esp8266 simulator","17","","","esp8266 s","suggestqueries.google.com","2"
"569","esp8266 remote control","22","","","esp8266 r","suggestqueries.google.com","3"
"568","esp8266 rf 433mhz receiver","26","","","esp8266 r","suggestqueries.google.com","4"
"567","esp8266 reset button","20","","","esp8266 r","suggestqueries.google.com","3"
"566","esp8266 rfid","12","","","esp8266 r","suggestqueries.google.com","2"
"565","esp8266 ram size","16","","","esp8266 r","suggestqueries.google.com","3"
"564","esp8266 reset pin","17","","","esp8266 r","suggestqueries.google.com","3"
"563","esp8266 repeater","16","","","esp8266 r","suggestqueries.google.com","2"
"562","esp8266 rs485","13","","","esp8266 r","suggestqueries.google.com","2"
"561","esp8266 rust","12","","","esp8266 r","suggestqueries.google.com","2"
"560","esp8266 rtc","11","","","esp8266 r","suggestqueries.google.com","2"
"559","esp8266 range","13","","","esp8266 r","suggestqueries.google.com","2"
"558","esp8266 reset","13","","","esp8266 r","suggestqueries.google.com","2"
"557","esp8266 ram","11","","","esp8266 r","suggestqueries.google.com","2"
"556","esp8266 relay module","20","","","esp8266 r","suggestqueries.google.com","3"
"555","esp8266 rtos","12","","","esp8266 r","suggestqueries.google.com","2"
"554","esp8266 daraz","13","","","esp8266 q","suggestqueries.google.com","2"
"553","esp8266 library","15","","","esp8266 q","suggestqueries.google.com","2"
"552","esp8266 wifi captive portal","27","","","esp8266 q","suggestqueries.google.com","4"
"551","esp8266 deauther","16","","","esp8266 q","suggestqueries.google.com","2"
"550","esp8266 wifi module price in pakistan","37","","","esp8266 q","suggestqueries.google.com","6"
"549","esp8266 projects","16","","","esp8266 q","suggestqueries.google.com","2"
"548","esp8266 price","13","","","esp8266 q","suggestqueries.google.com","2"
"547","esp8266 vs esp32","16","","","esp8266 q","suggestqueries.google.com","3"
"546","esp8266 datasheet","17","","","esp8266 q","suggestqueries.google.com","2"
"545","esp8266 arduino","15","","","esp8266 q","suggestqueries.google.com","2"
"544","esp8266 nodemcu","15","","","esp8266 q","suggestqueries.google.com","2"
"543","esp8266 board manager","21","","","esp8266 q","suggestqueries.google.com","3"
"542","esp8266 pinout","14","","","esp8266 q","suggestqueries.google.com","2"
"541","esp8266 price in pakistan","25","","","esp8266 q","suggestqueries.google.com","4"
"540","esp8266 wifi module","19","","","esp8266 q","suggestqueries.google.com","3"
"539","esp8266 pwm","11","","","esp8266 p","suggestqueries.google.com","2"
"538","esp8266 price in bd","19","","","esp8266 p","suggestqueries.google.com","4"
"537","esp8266 power consumption","25","","","esp8266 p","suggestqueries.google.com","3"
"536","esp8266 pin numbers","19","","","esp8266 p","suggestqueries.google.com","3"
"535","esp8266 programming language","28","","","esp8266 p","suggestqueries.google.com","3"
"534","esp8266 programmer","18","","","esp8266 p","suggestqueries.google.com","2"
"533","esp8266 pwm pins","16","","","esp8266 p","suggestqueries.google.com","3"
"532","esp8266 pakistan","16","","","esp8266 p","suggestqueries.google.com","2"
"531","esp8266 pins","12","","","esp8266 p","suggestqueries.google.com","2"
"530","esp8266 preference link","23","","","esp8266 p","suggestqueries.google.com","3"
"529","esp8266 programming","19","","","esp8266 p","suggestqueries.google.com","2"
"528","esp8266 projects","16","","","esp8266 p","suggestqueries.google.com","2"
"527","esp8266 price","13","","","esp8266 p","suggestqueries.google.com","2"
"526","esp8266 pinout","14","","","esp8266 p","suggestqueries.google.com","2"
"525","esp8266 price in pakistan","25","","","esp8266 p","suggestqueries.google.com","4"
"524","esp8266 operating temperature","29","","","esp8266 o","suggestqueries.google.com","3"
"523","esp8266 online flasher","22","","","esp8266 o","suggestqueries.google.com","3"
"522","esp8266 oscilloscope","20","","","esp8266 o","suggestqueries.google.com","2"
"521","esp8266 onboard led blink","25","","","esp8266 o","suggestqueries.google.com","4"
"520","esp8266 oled projects","21","","","esp8266 o","suggestqueries.google.com","3"
"519","esp8266 output pins","19","","","esp8266 o","suggestqueries.google.com","3"
"518","esp8266 ota programming","23","","","esp8266 o","suggestqueries.google.com","3"
"517","esp8266 output voltage","22","","","esp8266 o","suggestqueries.google.com","3"
"516","esp8266 online simulator","24","","","esp8266 o","suggestqueries.google.com","3"
"515","esp8266 operating voltage","25","","","esp8266 o","suggestqueries.google.com","3"
"514","esp8266 on arduino ide","22","","","esp8266 o","suggestqueries.google.com","4"
"513","esp8266 or esp32","16","","","esp8266 o","suggestqueries.google.com","3"
"512","esp8266 onboard led","19","","","esp8266 o","suggestqueries.google.com","3"
"511","esp8266 oled","12","","","esp8266 o","suggestqueries.google.com","2"
"510","esp8266 ota","11","","","esp8266 o","suggestqueries.google.com","2"
"509","esp8266 nodemcu board","21","","","esp8266 n","suggestqueries.google.com","3"
"508","esp8266 nrf24l01","16","","","esp8266 n","suggestqueries.google.com","2"
"507","esp8266 nodemcu v3 datasheet pdf","32","","","esp8266 n","suggestqueries.google.com","5"
"506","esp8266 nodemcu schematic","25","","","esp8266 n","suggestqueries.google.com","3"
"505","esp8266 ntp","11","","","esp8266 n","suggestqueries.google.com","2"
"504","esp8266 nodemcu projects","24","","","esp8266 n","suggestqueries.google.com","3"
"503","esp8266 nodemcu price","21","","","esp8266 n","suggestqueries.google.com","3"
"502","esp8266 not showing port","24","","","esp8266 n","suggestqueries.google.com","4"
"501","esp8266 nodemcu v3 pinout","25","","","esp8266 n","suggestqueries.google.com","4"
"500","esp8266 nodemcu cp2102 board","28","","","esp8266 n","suggestqueries.google.com","4"
"499","esp8266 nodemcu datasheet","25","","","esp8266 n","suggestqueries.google.com","3"
"498","esp8266 not connecting to wifi","30","","","esp8266 n","suggestqueries.google.com","5"
"497","esp8266 nodemcu v3","18","","","esp8266 n","suggestqueries.google.com","3"
"496","esp8266 nodemcu pinout","22","","","esp8266 n","suggestqueries.google.com","3"
"495","esp8266 nodemcu","15","","","esp8266 n","suggestqueries.google.com","2"
"494","esp8266 matter","14","","","esp8266 m","suggestqueries.google.com","2"
"493","esp8266 motor shield","20","","","esp8266 m","suggestqueries.google.com","3"
"492","esp8266 mdns","12","","","esp8266 m","suggestqueries.google.com","2"
"491","esp8266 mcu","11","","","esp8266 m","suggestqueries.google.com","2"
"490","esp8266 modbus","14","","","esp8266 m","suggestqueries.google.com","2"
"489","esp8266 mac address","19","","","esp8266 m","suggestqueries.google.com","3"
"488","esp8266 micropython firmware","28","","","esp8266 m","suggestqueries.google.com","3"
"487","esp8266 mod","11","","","esp8266 m","suggestqueries.google.com","2"
"486","esp8266 mqtt","12","","","esp8266 m","suggestqueries.google.com","2"
"485","esp8266 micropython","19","","","esp8266 m","suggestqueries.google.com","2"
"484","esp8266 module pinout","21","","","esp8266 m","suggestqueries.google.com","3"
"483","esp8266 mini","12","","","esp8266 m","suggestqueries.google.com","2"
"482","esp8266 memory","14","","","esp8266 m","suggestqueries.google.com","2"
"481","esp8266 microcontroller","23","","","esp8266 m","suggestqueries.google.com","2"
"480","esp8266 module","14","","","esp8266 m","suggestqueries.google.com","2"
"479","esp8266 led blink code","22","","","esp8266 l","suggestqueries.google.com","4"
"478","esp8266 led controller","22","","","esp8266 l","suggestqueries.google.com","3"
"477","esp8266 littlefs","16","","","esp8266 l","suggestqueries.google.com","2"
"476","esp8266 library download","24","","","esp8266 l","suggestqueries.google.com","3"
"475","esp8266 library link","20","","","esp8266 l","suggestqueries.google.com","3"
"474","esp8266 library for arduino","27","","","esp8266 l","suggestqueries.google.com","4"
"473","esp8266 library for proteus","27","","","esp8266 l","suggestqueries.google.com","4"
"472","esp8266 led blink","17","","","esp8266 l","suggestqueries.google.com","3"
"471","esp8266 led pin","15","","","esp8266 l","suggestqueries.google.com","3"
"470","esp8266 library zip download","28","","","esp8266 l","suggestqueries.google.com","4"
"469","esp8266 loader apk","18","","","esp8266 l","suggestqueries.google.com","3"
"468","esp8266 loader (blynk uploader","30","","","esp8266 l","suggestqueries.google.com","4"
"467","esp8266 library for arduino ide","31","","","esp8266 l","suggestqueries.google.com","5"
"466","esp8266 loader","14","","","esp8266 l","suggestqueries.google.com","2"
"465","esp8266 library","15","","","esp8266 l","suggestqueries.google.com","2"
"464","esp8266 kaina","13","","","esp8266 k","suggestqueries.google.com","2"
"463","esp8266 keep alive","18","","","esp8266 k","suggestqueries.google.com","3"
"462","esp8266 kali linux","18","","","esp8266 k","suggestqueries.google.com","3"
"461","esp8266 keyboard input","22","","","esp8266 k","suggestqueries.google.com","3"
"460","esp8266 keyboard emulator","25","","","esp8266 k","suggestqueries.google.com","3"
"459","esp8266 kopen","13","","","esp8266 k","suggestqueries.google.com","2"
"458","esp8266 keeps disconnecting","27","","","esp8266 k","suggestqueries.google.com","3"
"457","esp8266 kya hai","15","","","esp8266 k","suggestqueries.google.com","3"
"456","esp8266 keypad 4x4","18","","","esp8266 k","suggestqueries.google.com","3"
"455","esp8266 keylogger","17","","","esp8266 k","suggestqueries.google.com","2"
"454","esp8266 keeps resetting","23","","","esp8266 k","suggestqueries.google.com","3"
"453","esp8266 keypad","14","","","esp8266 k","suggestqueries.google.com","2"
"452","esp8266 kicad","13","","","esp8266 k","suggestqueries.google.com","2"
"451","esp8266 kit","11","","","esp8266 k","suggestqueries.google.com","2"
"450","esp8266 keyboard","16","","","esp8266 k","suggestqueries.google.com","2"
"449","esp8266 jurnal","14","","","esp8266 j","suggestqueries.google.com","2"
"448","esp8266 json server","19","","","esp8266 j","suggestqueries.google.com","3"
"447","esp8266 jumia","13","","","esp8266 j","suggestqueries.google.com","2"
"446","esp8266 java","12","","","esp8266 j","suggestqueries.google.com","2"
"445","esp8266 jtag","12","","","esp8266 j","suggestqueries.google.com","2"
"444","esp8266 json example","20","","","esp8266 j","suggestqueries.google.com","3"
"443","esp8266 json link for arduino","29","","","esp8266 j","suggestqueries.google.com","5"
"442","esp8266 json arduino url","24","","","esp8266 j","suggestqueries.google.com","4"
"441","esp8266 json library","20","","","esp8266 j","suggestqueries.google.com","3"
"440","esp8266 joystick","16","","","esp8266 j","suggestqueries.google.com","2"
"439","esp8266 javascript","18","","","esp8266 j","suggestqueries.google.com","2"
"438","esp8266 jaycar","14","","","esp8266 j","suggestqueries.google.com","2"
"437","esp8266 jammer","14","","","esp8266 j","suggestqueries.google.com","2"
"436","esp8266 json","12","","","esp8266 j","suggestqueries.google.com","2"
"435","esp8266 json link","17","","","esp8266 j","suggestqueries.google.com","3"
"434","esp8266 inbuilt led pin","23","","","esp8266 i","suggestqueries.google.com","4"
"433","esp8266 i2s","11","","","esp8266 i","suggestqueries.google.com","2"
"432","esp8266 iot projects","20","","","esp8266 i","suggestqueries.google.com","3"
"431","esp8266 ic","10","","","esp8266 i","suggestqueries.google.com","2"
"430","esp8266 ir remote","17","","","esp8266 i","suggestqueries.google.com","3"
"429","esp8266 ir blaster","18","","","esp8266 i","suggestqueries.google.com","3"
"428","esp8266 is","10","","","esp8266 i","suggestqueries.google.com","2"
"427","esp8266 interrupt","17","","","esp8266 i","suggestqueries.google.com","2"
"426","esp8266 ip address","18","","","esp8266 i","suggestqueries.google.com","3"
"425","esp8266 input voltage","21","","","esp8266 i","suggestqueries.google.com","3"
"424","esp8266 i2c","11","","","esp8266 i","suggestqueries.google.com","2"
"423","esp8266 i2c pins","16","","","esp8266 i","suggestqueries.google.com","3"
"422","esp8266 interrupt pins","22","","","esp8266 i","suggestqueries.google.com","3"
"421","esp8266 iot module","18","","","esp8266 i","suggestqueries.google.com","3"
"420","esp8266 install","15","","","esp8266 i","suggestqueries.google.com","2"
"419","esp8266 how many pins","21","","","esp8266 h","suggestqueries.google.com","4"
"418","esp8266 hardware serial","23","","","esp8266 h","suggestqueries.google.com","3"
"417","esp8266 handshake capture","25","","","esp8266 h","suggestqueries.google.com","3"
"416","esp8266 how to program","22","","","esp8266 h","suggestqueries.google.com","4"
"415","esp8266 hotspot","15","","","esp8266 h","suggestqueries.google.com","2"
"414","esp8266 humidity sensor","23","","","esp8266 h","suggestqueries.google.com","3"
"413","esp8266 https post","18","","","esp8266 h","suggestqueries.google.com","3"
"412","esp8266 http server","19","","","esp8266 h","suggestqueries.google.com","3"
"411","esp8266 hacking projects","24","","","esp8266 h","suggestqueries.google.com","3"
"410","esp8266 httpclient","18","","","esp8266 h","suggestqueries.google.com","2"
"409","esp8266 homekit","15","","","esp8266 h","suggestqueries.google.com","2"
"408","esp8266 https","13","","","esp8266 h","suggestqueries.google.com","2"
"407","esp8266 home assistant","22","","","esp8266 h","suggestqueries.google.com","3"
"406","esp8266 hallroad","16","","","esp8266 h","suggestqueries.google.com","2"
"405","esp8266 home automation","23","","","esp8266 h","suggestqueries.google.com","3"
"404","esp8266 gpio0","13","","","esp8266 g","suggestqueries.google.com","2"
"403","esp8266 google assistant","24","","","esp8266 g","suggestqueries.google.com","3"
"402","esp8266 gpio2","13","","","esp8266 g","suggestqueries.google.com","2"
"401","esp8266 get request","19","","","esp8266 g","suggestqueries.google.com","3"
"400","esp8266 google sheets","21","","","esp8266 g","suggestqueries.google.com","3"
"399","esp8266 guide","13","","","esp8266 g","suggestqueries.google.com","2"
"398","esp8266 get wifi password","25","","","esp8266 g","suggestqueries.google.com","4"
"397","esp8266 get mac address","23","","","esp8266 g","suggestqueries.google.com","4"
"396","esp8266 gps tracker","19","","","esp8266 g","suggestqueries.google.com","3"
"395","esp8266 getting started","23","","","esp8266 g","suggestqueries.google.com","3"
"394","esp8266 garage door opener","26","","","esp8266 g","suggestqueries.google.com","4"
"393","esp8266 google home","19","","","esp8266 g","suggestqueries.google.com","3"
"392","esp8266 gps","11","","","esp8266 g","suggestqueries.google.com","2"
"391","esp8266 gpio","12","","","esp8266 g","suggestqueries.google.com","2"
"390","esp8266 github","14","","","esp8266 g","suggestqueries.google.com","2"
"389","esp8266 for arduino","19","","","esp8266 f","suggestqueries.google.com","3"
"388","esp8266 frequency","17","","","esp8266 f","suggestqueries.google.com","2"
"387","esp8266 freertos","16","","","esp8266 f","suggestqueries.google.com","2"
"386","esp8266 flash size","18","","","esp8266 f","suggestqueries.google.com","3"
"385","esp8266 flash memory","20","","","esp8266 f","suggestqueries.google.com","3"
"384","esp8266 features","16","","","esp8266 f","suggestqueries.google.com","2"
"383","esp8266 firebase","16","","","esp8266 f","suggestqueries.google.com","2"
"382","esp8266 fritzing","16","","","esp8266 f","suggestqueries.google.com","2"
"381","esp8266 flipper zero","20","","","esp8266 f","suggestqueries.google.com","3"
"380","esp8266 firmware","16","","","esp8266 f","suggestqueries.google.com","2"
"379","esp8266 flash","13","","","esp8266 f","suggestqueries.google.com","2"
"378","esp8266 full form","17","","","esp8266 f","suggestqueries.google.com","3"
"377","esp8266 firmware download","25","","","esp8266 f","suggestqueries.google.com","3"
"376","esp8266 flash tool","18","","","esp8266 f","suggestqueries.google.com","3"
"375","esp8266 flasher","15","","","esp8266 f","suggestqueries.google.com","2"
"374","esp8266 expansion board","23","","","esp8266 e","suggestqueries.google.com","3"
"373","esp8266 esphome","15","","","esp8266 e","suggestqueries.google.com","2"
"372","esp8266 esp32","13","","","esp8266 e","suggestqueries.google.com","2"
"371","esp8266 esp now","15","","","esp8266 e","suggestqueries.google.com","3"
"370","esp8266 emulator","16","","","esp8266 e","suggestqueries.google.com","2"
"369","esp8266 eeprom size","19","","","esp8266 e","suggestqueries.google.com","3"
"368","esp8266 examples","16","","","esp8266 e","suggestqueries.google.com","2"
"367","esp8266 exception decoder","25","","","esp8266 e","suggestqueries.google.com","3"
"366","esp8266 esp-12e","15","","","esp8266 e","suggestqueries.google.com","2"
"365","esp8266 external antenna","24","","","esp8266 e","suggestqueries.google.com","3"
"364","esp8266 esp-12f","15","","","esp8266 e","suggestqueries.google.com","2"
"363","esp8266 ethernet","16","","","esp8266 e","suggestqueries.google.com","2"
"362","esp8266 esp-01","14","","","esp8266 e","suggestqueries.google.com","2"
"361","esp8266 evil twin","17","","","esp8266 e","suggestqueries.google.com","3"
"360","esp8266 eeprom","14","","","esp8266 e","suggestqueries.google.com","2"
"359","esp8266 digital pins","20","","","esp8266 d","suggestqueries.google.com","3"
"358","esp8266 download","16","","","esp8266 d","suggestqueries.google.com","2"
"357","esp8266 ds18b20","15","","","esp8266 d","suggestqueries.google.com","2"
"356","esp8266 dht11","13","","","esp8266 d","suggestqueries.google.com","2"
"355","esp8266 development board","25","","","esp8266 d","suggestqueries.google.com","3"
"354","esp8266 deep sleep","18","","","esp8266 d","suggestqueries.google.com","3"
"353","esp8266 d1 mini","15","","","esp8266 d","suggestqueries.google.com","3"
"352","esp8266 driver windows 10","25","","","esp8266 d","suggestqueries.google.com","4"
"351","esp8266 d1 mini pinout","22","","","esp8266 d","suggestqueries.google.com","4"
"350","esp8266 download tool","21","","","esp8266 d","suggestqueries.google.com","3"
"349","esp8266 deauther bin file","25","","","esp8266 d","suggestqueries.google.com","4"
"348","esp8266 driver","14","","","esp8266 d","suggestqueries.google.com","2"
"347","esp8266 daraz","13","","","esp8266 d","suggestqueries.google.com","2"
"346","esp8266 deauther","16","","","esp8266 d","suggestqueries.google.com","2"
"345","esp8266 datasheet","17","","","esp8266 d","suggestqueries.google.com","2"
"344","esp8266 controller","18","","","esp8266 c","suggestqueries.google.com","2"
"343","esp8266 connection with arduino","31","","","esp8266 c","suggestqueries.google.com","4"
"342","esp8266 current consumption","27","","","esp8266 c","suggestqueries.google.com","3"
"341","esp8266 clock speed","19","","","esp8266 c","suggestqueries.google.com","3"
"340","esp8266 cp2102","14","","","esp8266 c","suggestqueries.google.com","2"
"339","esp8266 cost","12","","","esp8266 c","suggestqueries.google.com","2"
"338","esp8266 case","12","","","esp8266 c","suggestqueries.google.com","2"
"337","esp8266 clock","13","","","esp8266 c","suggestqueries.google.com","2"
"336","esp8266 camera","14","","","esp8266 c","suggestqueries.google.com","2"
"335","esp8266 chip","12","","","esp8266 c","suggestqueries.google.com","2"
"334","esp8266 circuit diagram","23","","","esp8266 c","suggestqueries.google.com","3"
"333","esp8266 connect to wifi","23","","","esp8266 c","suggestqueries.google.com","4"
"332","esp8266 code","12","","","esp8266 c","suggestqueries.google.com","2"
"331","esp8266 ch340","13","","","esp8266 c","suggestqueries.google.com","2"
"330","esp8266 captive portal","22","","","esp8266 c","suggestqueries.google.com","3"
"329","esp8266 built in led pin number","31","","","esp8266 b","suggestqueries.google.com","6"
"328","esp8266 button","14","","","esp8266 b","suggestqueries.google.com","2"
"327","esp8266 boot mode","17","","","esp8266 b","suggestqueries.google.com","3"
"326","esp8266 blink led","17","","","esp8266 b","suggestqueries.google.com","3"
"325","esp8266 ble","11","","","esp8266 b","suggestqueries.google.com","2"
"324","esp8266 breakout board","22","","","esp8266 b","suggestqueries.google.com","3"
"323","esp8266 blynk","13","","","esp8266 b","suggestqueries.google.com","2"
"322","esp8266 buy","11","","","esp8266 b","suggestqueries.google.com","2"
"321","esp8266 battery","15","","","esp8266 b","suggestqueries.google.com","2"
"320","esp8266 baud rate","17","","","esp8266 b","suggestqueries.google.com","3"
"319","esp8266 board manager github","28","","","esp8266 b","suggestqueries.google.com","4"
"318","esp8266 built in led pin","24","","","esp8266 b","suggestqueries.google.com","5"
"317","esp8266 bluetooth","17","","","esp8266 b","suggestqueries.google.com","2"
"316","esp8266 board","13","","","esp8266 b","suggestqueries.google.com","2"
"315","esp8266 board manager","21","","","esp8266 b","suggestqueries.google.com","3"
"314","esp8266 arduino code","20","","","esp8266 a","suggestqueries.google.com","3"
"313","esp8266 aliexpress","18","","","esp8266 a","suggestqueries.google.com","2"
"312","esp8266 and esp32","17","","","esp8266 a","suggestqueries.google.com","3"
"311","esp8266 architecture","20","","","esp8266 a","suggestqueries.google.com","2"
"310","esp8266 arduino uno","19","","","esp8266 a","suggestqueries.google.com","3"
"309","esp8266 access point","20","","","esp8266 a","suggestqueries.google.com","3"
"308","esp8266 antenna","15","","","esp8266 a","suggestqueries.google.com","2"
"307","esp8266 amazon","14","","","esp8266 a","suggestqueries.google.com","2"
"306","esp8266 adc","11","","","esp8266 a","suggestqueries.google.com","2"
"305","esp8266 at commands","19","","","esp8266 a","suggestqueries.google.com","3"
"304","esp8266 arduino library","23","","","esp8266 a","suggestqueries.google.com","3"
"303","esp8266 analog pins","19","","","esp8266 a","suggestqueries.google.com","3"
"302","esp8266 arduino board manager","29","","","esp8266 a","suggestqueries.google.com","4"
"301","esp8266 arduino ide","19","","","esp8266 a","suggestqueries.google.com","3"
"300","esp8266 arduino","15","","","esp8266 a","suggestqueries.google.com","2"
"299","esp8266 daraz","13","","","esp8266","suggestqueries.google.com","2"
"298","esp8266 library","15","","","esp8266","suggestqueries.google.com","2"
"297","esp8266 wifi captive portal","27","","","esp8266","suggestqueries.google.com","4"
"296","esp8266 deauther","16","","","esp8266","suggestqueries.google.com","2"
"295","esp8266 wifi module price in pakistan","37","","","esp8266","suggestqueries.google.com","6"
"294","esp8266 projects","16","","","esp8266","suggestqueries.google.com","2"
"293","esp8266 price","13","","","esp8266","suggestqueries.google.com","2"
"292","esp8266 vs esp32","16","","","esp8266","suggestqueries.google.com","3"
"291","esp8266 datasheet","17","","","esp8266","suggestqueries.google.com","2"
"290","esp8266 arduino","15","","","esp8266","suggestqueries.google.com","2"
"289","esp8266 nodemcu","15","","","esp8266","suggestqueries.google.com","2"
"288","esp8266 board manager","21","","","esp8266","suggestqueries.google.com","3"
"287","esp8266 pinout","14","","","esp8266","suggestqueries.google.com","2"
"286","esp8266 price in pakistan","25","","","esp8266","suggestqueries.google.com","4"
"285","esp8266 wifi module","19","","","esp8266","suggestqueries.google.com","3"
"284","what language does esp8266 use","30","","","what esp8266","suggestqueries.google.com","5"
"283","what is nodemcu esp8266 used for","32","","","what esp8266","suggestqueries.google.com","6"
"282","what is nodemcu esp8266","23","","","what esp8266","suggestqueries.google.com","4"
"281","what is esp8266 spi","19","","","what esp8266","suggestqueries.google.com","4"
"280","what is esp8266 arduino uno","27","","","what esp8266","suggestqueries.google.com","5"
"279","what is esp8266 network","23","","","what esp8266","suggestqueries.google.com","4"
"278","what is esp8266 standalone","26","","","what esp8266","suggestqueries.google.com","4"
"277","what is esp8266wifi.h","21","","","what esp8266","suggestqueries.google.com","3"
"276","what is esp8266 mcq","19","","","what esp8266","suggestqueries.google.com","4"
"275","what is esp8266 microcontroller","31","","","what esp8266","suggestqueries.google.com","4"
"274","what is esp8266 module","22","","","what esp8266","suggestqueries.google.com","4"
"273","what is esp8266 used for","24","","","what esp8266","suggestqueries.google.com","5"
"272","what is esp8266 wifi module","27","","","what esp8266","suggestqueries.google.com","5"
"271","esp8266 what pins to use","24","","","what esp8266","suggestqueries.google.com","5"
"270","what esp8266 can do","19","","","what esp8266","suggestqueries.google.com","4"
"269","esp8266 pakistan","16","","","are esp8266","suggestqueries.google.com","2"
"268","esp8266 price in pakistan","25","","","are esp8266","suggestqueries.google.com","4"
"267","is esp8266 a arduino","20","","","are esp8266","suggestqueries.google.com","4"
"266","esp8266 daraz","13","","","are esp8266","suggestqueries.google.com","2"
"265","esp8266 esp32","13","","","are esp8266","suggestqueries.google.com","2"
"264","esp8266 examples","16","","","when esp8266","suggestqueries.google.com","2"
"263","when to use esp8266","19","","","when esp8266","suggestqueries.google.com","4"
"262","esp8266 examples","16","","","who esp8266","suggestqueries.google.com","2"
"261","nodemcu esp8266 examples","24","","","who esp8266","suggestqueries.google.com","3"
"260","what is nodemcu esp8266 used for","32","","","who esp8266","suggestqueries.google.com","6"
"259","nodemcu esp8266 description","27","","","who esp8266","suggestqueries.google.com","3"
"258","what is nodemcu esp8266","23","","","who esp8266","suggestqueries.google.com","4"
"257","who invented esp8266","20","","","who esp8266","suggestqueries.google.com","3"
"256","nodemcu esp8266 description","27","","","where esp8266","suggestqueries.google.com","3"
"255","nodemcu esp8266 examples","24","","","where esp8266","suggestqueries.google.com","3"
"254","nodemcu esp8266 price","21","","","where esp8266","suggestqueries.google.com","3"
"253","esp8266 examples","16","","","where esp8266","suggestqueries.google.com","2"
"252","where to buy esp8266 module","27","","","where esp8266","suggestqueries.google.com","5"
"251","where to buy esp8266 wifi module","32","","","where esp8266","suggestqueries.google.com","6"
"250","where to get esp8266wifi.h","26","","","where esp8266","suggestqueries.google.com","4"
"249","where to find esp8266wifi.h","27","","","where esp8266","suggestqueries.google.com","4"
"248","where is esp8266wifi.h","22","","","where esp8266","suggestqueries.google.com","3"
"247","esp full form in esp8266","24","","","why esp8266","suggestqueries.google.com","5"
"246","why we use esp8266","18","","","why esp8266","suggestqueries.google.com","4"
"245","why use esp8266 arduino","23","","","why esp8266","suggestqueries.google.com","4"
"244","why esp8266 is used","19","","","why esp8266","suggestqueries.google.com","4"
"243","why esp8266 is not connecting to wifi","37","","","why esp8266","suggestqueries.google.com","7"
"242","what is esp8266 used for","24","","","which esp8266","suggestqueries.google.com","5"
"241","esp8266 examples","16","","","which esp8266","suggestqueries.google.com","2"
"240","what is esp8266","15","","","which esp8266","suggestqueries.google.com","3"
"239","esp8266 which pins to use","25","","","which esp8266","suggestqueries.google.com","5"
"238","which esp8266 board","19","","","which esp8266","suggestqueries.google.com","3"
"237","which esp8266 is best","21","","","which esp8266","suggestqueries.google.com","4"
"236","which esp8266 do i have","23","","","which esp8266","suggestqueries.google.com","5"
"235","which esp8266 to buy","20","","","which esp8266","suggestqueries.google.com","4"
"234","esp8266 how to start","20","","","how esp8266","suggestqueries.google.com","4"
"233","esp8266 how to know flash size","30","","","how esp8266","suggestqueries.google.com","6"
"232","esp8266 how to send data to server","34","","","how esp8266","suggestqueries.google.com","7"
"231","esp8266mod how to connect","25","","","how esp8266","suggestqueries.google.com","4"
"230","esp8266 how to connect to arduino","33","","","how esp8266","suggestqueries.google.com","6"
"229","esp8266 how to reset","20","","","how esp8266","suggestqueries.google.com","4"
"228","esp8266 how to power","20","","","how esp8266","suggestqueries.google.com","4"
"227","esp8266 how many pins","21","","","how esp8266","suggestqueries.google.com","4"
"226","esp8266 how to flash","20","","","how esp8266","suggestqueries.google.com","4"
"225","esp8266 how to use","18","","","how esp8266","suggestqueries.google.com","4"
"224","esp8266 how to connect to wifi","30","","","how esp8266","suggestqueries.google.com","6"
"223","esp8266 how to program","22","","","how esp8266","suggestqueries.google.com","4"
"222","how esp8266 smart config works","30","","","how esp8266","suggestqueries.google.com","5"
"221","how esp8266 works","17","","","how esp8266","suggestqueries.google.com","3"
"220","how esp8266 wifi module works","29","","","how esp8266","suggestqueries.google.com","5"
"219","esp8266 z anteną","16","","","z esp8266","suggestqueries.google.com","3"
"218","projekty z esp8266","18","","","z esp8266","suggestqueries.google.com","3"
"217","komunikacja arduino z esp8266","29","","","z esp8266","suggestqueries.google.com","4"
"216","esp8266 z-wave","14","","","z esp8266","suggestqueries.google.com","2"
"215","esp8266 esp-now example","23","","","y esp8266","suggestqueries.google.com","3"
"214","nodemcu esp8266 pin description","31","","","y esp8266","suggestqueries.google.com","4"
"213","nodemcu esp8266 examples","24","","","y esp8266","suggestqueries.google.com","3"
"212","esp8266 examples","16","","","y esp8266","suggestqueries.google.com","2"
"211","esp8266 y mqtt","14","","","y esp8266","suggestqueries.google.com","3"
"210","módulo esp8266 y arduino uno","28","","","y esp8266","suggestqueries.google.com","5"
"209","arduino uno y esp8266","21","","","y esp8266","suggestqueries.google.com","4"
"208","esp8266 y dht11","15","","","y esp8266","suggestqueries.google.com","3"
"207","esp8266 y alexa","15","","","y esp8266","suggestqueries.google.com","3"
"206","esp8266 in arduino","18","","","y esp8266","suggestqueries.google.com","3"
"205","esp8266 y esp32","15","","","y esp8266","suggestqueries.google.com","3"
"204","nodemcu esp8266 price","21","","","x esp8266","suggestqueries.google.com","3"
"203","nodemcu esp8266 description","27","","","x esp8266","suggestqueries.google.com","3"
"202","nodemcu esp8266 examples","24","","","x esp8266","suggestqueries.google.com","3"
"201","esp8266 examples","16","","","x esp8266","suggestqueries.google.com","2"
"200","azdelivery 3 x esp8266 esp-01s","30","","","x esp8266","suggestqueries.google.com","5"
"199","esp8266 x esp32","15","","","x esp8266","suggestqueries.google.com","3"
"198","esp8266 esp-now example","23","","","y esp8266","suggestqueries.google.com","3"
"197","nodemcu esp8266 pin description","31","","","y esp8266","suggestqueries.google.com","4"
"196","nodemcu esp8266 examples","24","","","y esp8266","suggestqueries.google.com","3"
"195","esp8266 examples","16","","","y esp8266","suggestqueries.google.com","2"
"194","esp8266 y mqtt","14","","","y esp8266","suggestqueries.google.com","3"
"193","módulo esp8266 y arduino uno","28","","","y esp8266","suggestqueries.google.com","5"
"192","arduino uno y esp8266","21","","","y esp8266","suggestqueries.google.com","4"
"191","esp8266 y dht11","15","","","y esp8266","suggestqueries.google.com","3"
"190","esp8266 y alexa","15","","","y esp8266","suggestqueries.google.com","3"
"189","esp8266 in arduino","18","","","y esp8266","suggestqueries.google.com","3"
"188","esp8266 y esp32","15","","","y esp8266","suggestqueries.google.com","3"
"187","nodemcu esp8266 description","27","","","v esp8266","suggestqueries.google.com","3"
"186","nodemcu esp8266 features","24","","","v esp8266","suggestqueries.google.com","3"
"185","nodemcu esp8266 price","21","","","v esp8266","suggestqueries.google.com","3"
"184","difference between nodemcu and esp8266","38","","","v esp8266","suggestqueries.google.com","5"
"183","nodemcu esp8266 examples","24","","","v esp8266","suggestqueries.google.com","3"
"182","esp8266 v-usb","13","","","v esp8266","suggestqueries.google.com","2"
"181","nodemcu esp8266 examples","24","","","u esp8266","suggestqueries.google.com","3"
"180","esp8266 examples","16","","","u esp8266","suggestqueries.google.com","2"
"179","u=ri esp8266","12","","","u esp8266","suggestqueries.google.com","2"
"178","esp8266 u.fl","12","","","u esp8266","suggestqueries.google.com","2"
"177","esp8266 not working","19","","","t esp8266","suggestqueries.google.com","3"
"176","nodemcu esp8266 examples","24","","","t esp8266","suggestqueries.google.com","3"
"175","esp8266 examples","16","","","t esp8266","suggestqueries.google.com","2"
"174","hw_timer_t esp8266","18","","","t esp8266","suggestqueries.google.com","2"
"173","uint32_t esp8266","16","","","t esp8266","suggestqueries.google.com","2"
"172","time_t esp8266","14","","","t esp8266","suggestqueries.google.com","2"
"171","nodemcu esp8266 examples","24","","","s esp8266","suggestqueries.google.com","3"
"170","esp full form in esp8266","24","","","s esp8266","suggestqueries.google.com","5"
"169","nodemcu esp8266 pin description","31","","","s esp8266","suggestqueries.google.com","4"
"168","esp8266 esp-now example","23","","","s esp8266","suggestqueries.google.com","3"
"167","esp8266 examples","16","","","s esp8266","suggestqueries.google.com","2"
"166","shelly plug s esp8266","21","","","s esp8266","suggestqueries.google.com","4"
"165","esp8266 s","9","","","s esp8266","suggestqueries.google.com","2"
"164","esp8266 s series","16","","","s esp8266","suggestqueries.google.com","3"
"163","esp8266 ir remote example","25","","","r esp8266","suggestqueries.google.com","4"
"162","esp8266 led example","19","","","r esp8266","suggestqueries.google.com","3"
"161","esp8266 examples","16","","","r esp8266","suggestqueries.google.com","2"
"160","client.readstringuntil(' r') esp8266","36","","","r esp8266","suggestqueries.google.com","3"
"159","r/esp8266","9","","","r esp8266","suggestqueries.google.com","1"
"158","esp8266 softap example","22","","","q esp8266","suggestqueries.google.com","3"
"157","esp8266 led example","19","","","q esp8266","suggestqueries.google.com","3"
"156","esp8266 httpclient example","26","","","q esp8266","suggestqueries.google.com","3"
"155","esp8266 examples","16","","","q esp8266","suggestqueries.google.com","2"
"154","esp8266 esp-now example","23","","","q esp8266","suggestqueries.google.com","3"
"153","que esp8266","11","","","q esp8266","suggestqueries.google.com","2"
"152","esp8266 pins explained","22","","","p esp8266","suggestqueries.google.com","3"
"151","esp8266 pin description","23","","","p esp8266","suggestqueries.google.com","3"
"150","esp8266 esp-now example","23","","","p esp8266","suggestqueries.google.com","3"
"149","esp8266 examples","16","","","p esp8266","suggestqueries.google.com","2"
"148","busy p... esp8266","17","","","p esp8266","suggestqueries.google.com","3"
"147","esp8266 smartconfig example","27","","","o esp8266","suggestqueries.google.com","3"
"146","esp8266 ble example","19","","","o esp8266","suggestqueries.google.com","3"
"145","difference between esp32 and esp8266","36","","","o esp8266","suggestqueries.google.com","5"
"144","esp8266 examples","16","","","o esp8266","suggestqueries.google.com","2"
"143","tudo sobre o esp8266","20","","","o esp8266","suggestqueries.google.com","4"
"142","como resetar o esp8266","22","","","o esp8266","suggestqueries.google.com","4"
"141","arduino o esp8266","17","","","o esp8266","suggestqueries.google.com","3"
"140","como programar o esp8266","24","","","o esp8266","suggestqueries.google.com","4"
"139","projetos com o esp8266","22","","","o esp8266","suggestqueries.google.com","4"
"138","nodemcu esp8266 o que é","23","","","o esp8266","suggestqueries.google.com","5"
"137","esp8266 o esp32","15","","","o esp8266","suggestqueries.google.com","3"
"136","esp8266 o que é","15","","","o esp8266","suggestqueries.google.com","4"
"135","usando o esp8266","16","","","o esp8266","suggestqueries.google.com","3"
"134","nodemcu daraz","13","","","n esp8266","suggestqueries.google.com","2"
"133","#include esp8266wifi.h library download","39","","","n esp8266","suggestqueries.google.com","4"
"132","nodemcu esp8266 daraz","21","","","n esp8266","suggestqueries.google.com","3"
"131","nodemcu esp8266 price in pakistan","33","","","n esp8266","suggestqueries.google.com","5"
"130","nodemcu esp8266 description","27","","","m esp8266","suggestqueries.google.com","3"
"129","nodemcu esp8266 price","21","","","m esp8266","suggestqueries.google.com","3"
"128","esp8266 memory size","19","","","m esp8266","suggestqueries.google.com","3"
"127","nodemcu esp8266 examples","24","","","m esp8266","suggestqueries.google.com","3"
"126","esp8266 examples","16","","","m esp8266","suggestqueries.google.com","2"
"125","esp8266 m bus master","20","","","m esp8266","suggestqueries.google.com","4"
"124","esp8266 m-bus","13","","","m esp8266","suggestqueries.google.com","2"
"123","esp8266 not working","19","","","l esp8266","suggestqueries.google.com","3"
"122","esp8266 esp-now example","23","","","l esp8266","suggestqueries.google.com","3"
"121","esp8266 led example","19","","","l esp8266","suggestqueries.google.com","3"
"120","esp8266 examples","16","","","l esp8266","suggestqueries.google.com","2"
"119","l'esp8266","9","","","l esp8266","suggestqueries.google.com","1"
"118","nodemcu esp8266 price in sri lanka","34","","","k esp8266","suggestqueries.google.com","6"
"117","esp8266 littlefs example","24","","","k esp8266","suggestqueries.google.com","3"
"116","esp8266 examples","16","","","k esp8266","suggestqueries.google.com","2"
"115","fernando k esp8266","18","","","k esp8266","suggestqueries.google.com","3"
"114","esp8266 k-type thermocouple","27","","","k esp8266","suggestqueries.google.com","3"
"113","esp8266 json","12","","","j esp8266","suggestqueries.google.com","2"
"112","esp8266 pakistan","16","","","j esp8266","suggestqueries.google.com","2"
"111","esp8266 price in pakistan","25","","","j esp8266","suggestqueries.google.com","4"
"110","esp8266 daraz","13","","","j esp8266","suggestqueries.google.com","2"
"109","j. eshop","8","","","j esp8266","suggestqueries.google.com","2"
"108","esp8266 esp-now example","23","","","i esp8266","suggestqueries.google.com","3"
"107","install esp8266","15","","","i esp8266","suggestqueries.google.com","2"
"106","nodemcu esp8266 examples","24","","","i esp8266","suggestqueries.google.com","3"
"105","esp8266 examples","16","","","i esp8266","suggestqueries.google.com","2"
"104","esp8266 i/o pins","16","","","i esp8266","suggestqueries.google.com","3"
"103","esp8266webserver.h library","26","","","h esp8266","suggestqueries.google.com","2"
"102","esp8266ping.h","13","","","h esp8266","suggestqueries.google.com","1"
"101","esp8266mdns.h","13","","","h esp8266","suggestqueries.google.com","1"
"100","esp8266.h library download","26","","","h esp8266","suggestqueries.google.com","3"
"99","esp8266webserver.h library download","35","","","h esp8266","suggestqueries.google.com","3"
"98","esp8266httpclient.h library download","36","","","h esp8266","suggestqueries.google.com","3"
"97","esp8266wifi.h zip","17","","","h esp8266","suggestqueries.google.com","2"
"96","esp8266.h","9","","","h esp8266","suggestqueries.google.com","1"
"95","esp8266wifi.h library install","29","","","h esp8266","suggestqueries.google.com","3"
"94","esp8266wifi.h library download github","37","","","h esp8266","suggestqueries.google.com","4"
"93","esp8266httpclient.h","19","","","h esp8266","suggestqueries.google.com","1"
"92","esp8266webserver.h","18","","","h esp8266","suggestqueries.google.com","1"
"91","esp8266wifi.h library","21","","","h esp8266","suggestqueries.google.com","2"
"90","esp8266wifi.h library download","30","","","h esp8266","suggestqueries.google.com","3"
"89","esp8266wifi.h","13","","","h esp8266","suggestqueries.google.com","1"
"88","esp8266 daraz","13","","","g esp8266","suggestqueries.google.com","2"
"87","esp8266 pakistan","16","","","g esp8266","suggestqueries.google.com","2"
"86","esp8266 features","16","","","f esp8266","suggestqueries.google.com","2"
"85","nodemcu esp8266 features","24","","","f esp8266","suggestqueries.google.com","3"
"84","nodemcu esp8266 examples","24","","","f esp8266","suggestqueries.google.com","3"
"83","esp8266 examples","16","","","f esp8266","suggestqueries.google.com","2"
"82","esp-12f esp8266","15","","","f esp8266","suggestqueries.google.com","2"
"81","esp8266 f macro","15","","","f esp8266","suggestqueries.google.com","3"
"80","esp8266 f","9","","","f esp8266","suggestqueries.google.com","2"
"79","arduino e esp8266","17","","","e esp8266","suggestqueries.google.com","3"
"78","esp8266 e-paper mqtt","20","","","e esp8266","suggestqueries.google.com","3"
"77","esp8266 e dht22","15","","","e esp8266","suggestqueries.google.com","3"
"76","e-paper esp8266 driver board","28","","","e esp8266","suggestqueries.google.com","4"
"75","esp8266 e ink screen","20","","","e esp8266","suggestqueries.google.com","4"
"74","esp8266 e paper weather","23","","","e esp8266","suggestqueries.google.com","4"
"73","esp8266 e alexa","15","","","e esp8266","suggestqueries.google.com","3"
"72","esp8266 e esp32","15","","","e esp8266","suggestqueries.google.com","3"
"71","esp8266 12e nodemcu kit pinout","30","","","e esp8266","suggestqueries.google.com","5"
"70","esp8266 12-e nodemcu","20","","","e esp8266","suggestqueries.google.com","3"
"69","esp8266 12e nodemcu kit","23","","","e esp8266","suggestqueries.google.com","4"
"68","esp8266 e vs f","14","","","e esp8266","suggestqueries.google.com","4"
"67","esp8266 e ink display","21","","","e esp8266","suggestqueries.google.com","4"
"66","difference between nodemcu and esp8266","38","","","d esp8266","suggestqueries.google.com","5"
"65","nodemcu esp8266 examples","24","","","d esp8266","suggestqueries.google.com","3"
"64","nodemcu esp8266 description","27","","","d esp8266","suggestqueries.google.com","3"
"63","esp8266 description","19","","","d esp8266","suggestqueries.google.com","2"
"62","esp8266 examples","16","","","d esp8266","suggestqueries.google.com","2"
"61","sagemcom t210-d esp8266","23","","","d esp8266","suggestqueries.google.com","3"
"60","esp8266 c example","17","","","c esp8266","suggestqueries.google.com","3"
"59","c_types.h esp8266","17","","","c esp8266","suggestqueries.google.com","2"
"58","esp8266 c programming tutorial","30","","","c esp8266","suggestqueries.google.com","4"
"57","esp8266 c'est quoi","18","","","c esp8266","suggestqueries.google.com","3"
"56","ets_main.c esp8266","18","","","c esp8266","suggestqueries.google.com","2"
"55","i2s.c esp8266","13","","","c esp8266","suggestqueries.google.com","2"
"54","esp8266 c programming examples","30","","","c esp8266","suggestqueries.google.com","4"
"53","esp8266 c_str()","15","","","c esp8266","suggestqueries.google.com","2"
"52","esp8266 c sdk","13","","","c esp8266","suggestqueries.google.com","3"
"51","esp8266 c code example","22","","","c esp8266","suggestqueries.google.com","4"
"50","esp8266 c compiler","18","","","c esp8266","suggestqueries.google.com","3"
"49","esp8266 c library","17","","","c esp8266","suggestqueries.google.com","3"
"48","esp8266 c programming","21","","","c esp8266","suggestqueries.google.com","3"
"47","nodemcu esp8266 pin description","31","","","b esp8266","suggestqueries.google.com","4"
"46","nodemcu esp8266 examples","24","","","b esp8266","suggestqueries.google.com","3"
"45","esp8266 examples","16","","","b esp8266","suggestqueries.google.com","2"
"44","esp8266 ble example","19","","","b esp8266","suggestqueries.google.com","3"
"43","библиотека esp8266","18","","","b esp8266","suggestqueries.google.com","2"
"42","conectar esp8266 a arduino uno","30","","","a esp8266","suggestqueries.google.com","5"
"41","agregar esp8266 a arduino","25","","","a esp8266","suggestqueries.google.com","4"
"40","conectar esp8266 a wifi","23","","","a esp8266","suggestqueries.google.com","4"
"39","conectar esp8266 a arduino","26","","","a esp8266","suggestqueries.google.com","4"
"38","is esp8266 a arduino","20","","","a esp8266","suggestqueries.google.com","4"
"37","is esp8266 a microcontroller","28","","","a esp8266","suggestqueries.google.com","4"
"36","using a esp8266","15","","","a esp8266","suggestqueries.google.com","3"
"35","libpam.a esp8266","16","","","a esp8266","suggestqueries.google.com","2"
"34","nodemcu a esp8266","17","","","a esp8266","suggestqueries.google.com","3"
"33","an esp8266 module","17","","","a esp8266","suggestqueries.google.com","3"
"32","esp8266 a arduino uno","21","","","a esp8266","suggestqueries.google.com","4"
"31","esp8266 a/d","11","","","a esp8266","suggestqueries.google.com","2"
"30","esp8266 a esp32","15","","","a esp8266","suggestqueries.google.com","3"
"29","esp8266 wifi module price in pakistan","37","","","esp8266","suggestqueries.google.com","6"
"28","esp8266 projects","16","","","esp8266","suggestqueries.google.com","2"
"27","esp8266mod","10","","","esp8266","suggestqueries.google.com","1"
"26","esp8266 price","13","","","esp8266","suggestqueries.google.com","2"
"25","esp8266 vs esp32","16","","","esp8266","suggestqueries.google.com","3"
"24","esp8266 datasheet","17","","","esp8266","suggestqueries.google.com","2"
"23","esp8266wifi.h library download","30","","","esp8266","suggestqueries.google.com","3"
"22","esp8266 arduino","15","","","esp8266","suggestqueries.google.com","2"
"21","esp8266 nodemcu","15","","","esp8266","suggestqueries.google.com","2"
"20","esp8266 board manager","21","","","esp8266","suggestqueries.google.com","3"
"19","esp8266 pinout","14","","","esp8266","suggestqueries.google.com","2"
"18","esp8266wifi.h","13","","","esp8266","suggestqueries.google.com","1"
"17","esp8266 wifi module","19","","","esp8266","suggestqueries.google.com","3"
"16","esp8266 price in pakistan","25","","","esp8266","suggestqueries.google.com","4"
"15","esp8266","7","","","esp8266","suggestqueries.google.com","1"
"14","esp8266 deauther","16","","","esp8266","suggestqueries.google.com","2"
"13","esp8266 wifi module price in pakistan","37","","","esp8266","suggestqueries.google.com","6"
"12","esp8266 projects","16","","","esp8266","suggestqueries.google.com","2"
"11","esp8266mod","10","","","esp8266","suggestqueries.google.com","1"
"10","esp8266 price","13","","","esp8266","suggestqueries.google.com","2"
"9","esp8266 vs esp32","16","","","esp8266","suggestqueries.google.com","3"
"8","esp8266 datasheet","17","","","esp8266","suggestqueries.google.com","2"
"7","esp8266wifi.h library download","30","","","esp8266","suggestqueries.google.com","3"
"6","esp8266 arduino","15","","","esp8266","suggestqueries.google.com","2"
"5","esp8266 nodemcu","15","","","esp8266","suggestqueries.google.com","2"
"4","esp8266 board manager","21","","","esp8266","suggestqueries.google.com","3"
"3","esp8266 pinout","14","","","esp8266","suggestqueries.google.com","2"
"2","esp8266wifi.h","13","","","esp8266","suggestqueries.google.com","1"
"1","esp8266 wifi module","19","","","esp8266","suggestqueries.google.com","3"
"0","esp8266 price in pakistan","25","","","esp8266","suggestqueries.google.com","4"